.chain,.iteration,.draw,.variable,.value
1,1,1,Rnull_relative_season_sim,0.6413911615551895
1,2,2,Rnull_relative_season_sim,0.16349801755361315
1,3,3,Rnull_relative_season_sim,0.048529111242362255
1,4,4,Rnull_relative_season_sim,0.21709256754357886
1,5,5,Rnull_relative_season_sim,-0.06644087745870375
1,6,6,Rnull_relative_season_sim,-0.152204560443301
1,7,7,Rnull_relative_season_sim,0.029301826460928826
1,8,8,Rnull_relative_season_sim,-0.21476236027642726
1,9,9,Rnull_relative_season_sim,-0.07773671692337536
1,10,10,Rnull_relative_season_sim,0.05172777408640816
1,11,11,Rnull_relative_season_sim,-0.13247912678155693
1,12,12,Rnull_relative_season_sim,-0.040153796821605914
1,13,13,Rnull_relative_season_sim,0.14560827961457434
1,14,14,Rnull_relative_season_sim,0.006618751843165294
1,15,15,Rnull_relative_season_sim,0.16615380324897067
1,16,16,Rnull_relative_season_sim,-0.22116229819517286
1,17,17,Rnull_relative_season_sim,0.3818872174125427
1,18,18,Rnull_relative_season_sim,0.12798996267419627
1,19,19,Rnull_relative_season_sim,-0.1386574044587544
1,20,20,Rnull_relative_season_sim,-0.10650630622447244
1,21,21,Rnull_relative_season_sim,-0.20472380608498475
1,22,22,Rnull_relative_season_sim,-0.3559278016920665
1,23,23,Rnull_relative_season_sim,-0.0949958139390813
1,24,24,Rnull_relative_season_sim,0.49434812519617566
1,25,25,Rnull_relative_season_sim,0.10816147296102208
1,26,26,Rnull_relative_season_sim,-0.4195646890111636
1,27,27,Rnull_relative_season_sim,0.3114005969644429
1,28,28,Rnull_relative_season_sim,-0.019229631119958568
1,29,29,Rnull_relative_season_sim,0.12935933161370072
1,30,30,Rnull_relative_season_sim,-0.18821672705464776
1,31,31,Rnull_relative_season_sim,-0.17912174770165679
1,32,32,Rnull_relative_season_sim,0.584863220696904
1,33,33,Rnull_relative_season_sim,0.22213627076795284
1,34,34,Rnull_relative_season_sim,0.20305829947917786
1,35,35,Rnull_relative_season_sim,0.20964332894195437
1,36,36,Rnull_relative_season_sim,-0.33937795585881747
1,37,37,Rnull_relative_season_sim,0.6227467813164493
1,38,38,Rnull_relative_season_sim,0.355974767673757
1,39,39,Rnull_relative_season_sim,-0.04889605000373631
1,40,40,Rnull_relative_season_sim,-0.10890320431975353
1,41,41,Rnull_relative_season_sim,0.10325403374599151
1,42,42,Rnull_relative_season_sim,0.07311667320804949
1,43,43,Rnull_relative_season_sim,-0.2933334435094207
1,44,44,Rnull_relative_season_sim,-0.12347011828410492
1,45,45,Rnull_relative_season_sim,-0.12387817149788993
1,46,46,Rnull_relative_season_sim,-0.05966383234847228
1,47,47,Rnull_relative_season_sim,-0.03522163310268012
1,48,48,Rnull_relative_season_sim,0.2202145946946672
1,49,49,Rnull_relative_season_sim,0.11675889253700511
1,50,50,Rnull_relative_season_sim,-0.18761360402480298
1,51,51,Rnull_relative_season_sim,0.2349874549976474
1,52,52,Rnull_relative_season_sim,-0.06610188497080971
1,53,53,Rnull_relative_season_sim,-0.1505771754181302
1,54,54,Rnull_relative_season_sim,0.013092181131661107
1,55,55,Rnull_relative_season_sim,-0.038127119828830436
1,56,56,Rnull_relative_season_sim,-0.24577164851803512
1,57,57,Rnull_relative_season_sim,-0.05352465462753375
1,58,58,Rnull_relative_season_sim,0.05536753522606164
1,59,59,Rnull_relative_season_sim,-0.029035907627778967
1,60,60,Rnull_relative_season_sim,-0.20808962691063382
1,61,61,Rnull_relative_season_sim,0.12497327697442961
1,62,62,Rnull_relative_season_sim,0.4795165184771417
1,63,63,Rnull_relative_season_sim,0.3738296184139629
1,64,64,Rnull_relative_season_sim,0.14209877984914154
1,65,65,Rnull_relative_season_sim,0.2240755313689453
1,66,66,Rnull_relative_season_sim,0.2671269528928051
1,67,67,Rnull_relative_season_sim,-0.1177886753636922
1,68,68,Rnull_relative_season_sim,0.44763244129084057
1,69,69,Rnull_relative_season_sim,-0.093226741215658
1,70,70,Rnull_relative_season_sim,-0.06666337399804578
1,71,71,Rnull_relative_season_sim,-0.10678610809136968
1,72,72,Rnull_relative_season_sim,-0.11187545673191368
1,73,73,Rnull_relative_season_sim,-0.18232194448130723
1,74,74,Rnull_relative_season_sim,0.13349279766921684
1,75,75,Rnull_relative_season_sim,0.7249170352472403
1,76,76,Rnull_relative_season_sim,-0.34042062432896536
1,77,77,Rnull_relative_season_sim,0.29912312689573683
1,78,78,Rnull_relative_season_sim,-0.22449012215973418
1,79,79,Rnull_relative_season_sim,-0.31388000580266207
1,80,80,Rnull_relative_season_sim,-0.23240250439270727
1,81,81,Rnull_relative_season_sim,-0.1541366049982329
1,82,82,Rnull_relative_season_sim,-0.26941177489848045
1,83,83,Rnull_relative_season_sim,-0.02141437319875361
1,84,84,Rnull_relative_season_sim,-0.08775855935707211
1,85,85,Rnull_relative_season_sim,0.5159897893975689
1,86,86,Rnull_relative_season_sim,0.10532155883600525
1,87,87,Rnull_relative_season_sim,-0.31728042265208367
1,88,88,Rnull_relative_season_sim,0.43673641231400406
1,89,89,Rnull_relative_season_sim,-0.19921924962025583
1,90,90,Rnull_relative_season_sim,-0.1862694605615599
1,91,91,Rnull_relative_season_sim,-0.23117357448339038
1,92,92,Rnull_relative_season_sim,-0.038229725002980386
1,93,93,Rnull_relative_season_sim,-0.07701738150875148
1,94,94,Rnull_relative_season_sim,-0.558089107185215
1,95,95,Rnull_relative_season_sim,0.19910706053366178
1,96,96,Rnull_relative_season_sim,0.017558172557416762
1,97,97,Rnull_relative_season_sim,0.3398161485799256
1,98,98,Rnull_relative_season_sim,0.3057166555139408
1,99,99,Rnull_relative_season_sim,-0.2991218746510399
1,100,100,Rnull_relative_season_sim,0.03874232429187763
1,101,101,Rnull_relative_season_sim,-0.0854568928709164
1,102,102,Rnull_relative_season_sim,-0.1431329495018412
1,103,103,Rnull_relative_season_sim,-0.3425352985560388
1,104,104,Rnull_relative_season_sim,0.22447748292241854
1,105,105,Rnull_relative_season_sim,-0.3166212706205418
1,106,106,Rnull_relative_season_sim,-0.01771468735384285
1,107,107,Rnull_relative_season_sim,0.3498092000933588
1,108,108,Rnull_relative_season_sim,0.32815374031552613
1,109,109,Rnull_relative_season_sim,-0.07291750918567197
1,110,110,Rnull_relative_season_sim,0.05520744489641416
1,111,111,Rnull_relative_season_sim,0.074241739952539465
1,112,112,Rnull_relative_season_sim,0.07747336964000562
1,113,113,Rnull_relative_season_sim,0.34407653267611615
1,114,114,Rnull_relative_season_sim,0.4971623797067588
1,115,115,Rnull_relative_season_sim,-0.11941892701611212
1,116,116,Rnull_relative_season_sim,-0.26291849085029173
1,117,117,Rnull_relative_season_sim,-0.2474611126097488
1,118,118,Rnull_relative_season_sim,0.07997398374369658
1,119,119,Rnull_relative_season_sim,0.5111339921041578
1,120,120,Rnull_relative_season_sim,0.0566982913860421
1,121,121,Rnull_relative_season_sim,-0.2009388963014811
1,122,122,Rnull_relative_season_sim,-0.1579257043775053
1,123,123,Rnull_relative_season_sim,0.50256010768541
1,124,124,Rnull_relative_season_sim,-0.2904892494295255
1,125,125,Rnull_relative_season_sim,-0.22209487728716126
1,126,126,Rnull_relative_season_sim,0.011931601715345241
1,127,127,Rnull_relative_season_sim,0.7562969068062226
1,128,128,Rnull_relative_season_sim,-0.00147533405299749
1,129,129,Rnull_relative_season_sim,0.6381254187437373
1,130,130,Rnull_relative_season_sim,-0.1531947631948054
1,131,131,Rnull_relative_season_sim,0.06150867036471719
1,132,132,Rnull_relative_season_sim,-0.03133901785094084
1,133,133,Rnull_relative_season_sim,0.947598937824327
1,134,134,Rnull_relative_season_sim,-0.22739901994735656
1,135,135,Rnull_relative_season_sim,-0.053091135824504754
1,136,136,Rnull_relative_season_sim,-0.18403283921435942
1,137,137,Rnull_relative_season_sim,-0.0675299855279472
1,138,138,Rnull_relative_season_sim,-0.15856374347335966
1,139,139,Rnull_relative_season_sim,0.42493630680554806
1,140,140,Rnull_relative_season_sim,-0.18771735905756404
1,141,141,Rnull_relative_season_sim,0.35215014336573724
1,142,142,Rnull_relative_season_sim,-0.12102527814967046
1,143,143,Rnull_relative_season_sim,-0.2703621297969959
1,144,144,Rnull_relative_season_sim,-9.4805260561448e-4
1,145,145,Rnull_relative_season_sim,-0.1557946584102382
1,146,146,Rnull_relative_season_sim,0.2049372559013085
1,147,147,Rnull_relative_season_sim,0.19889722231223383
1,148,148,Rnull_relative_season_sim,0.14759055411909205
1,149,149,Rnull_relative_season_sim,0.6045537288082721
1,150,150,Rnull_relative_season_sim,-0.19908680022243375
1,151,151,Rnull_relative_season_sim,0.10615884015277377
1,152,152,Rnull_relative_season_sim,-0.4756146734587261
1,153,153,Rnull_relative_season_sim,-0.010299389255801539
1,154,154,Rnull_relative_season_sim,-0.033448257254854674
1,155,155,Rnull_relative_season_sim,-0.04447350249382953
1,156,156,Rnull_relative_season_sim,0.07341251467230991
1,157,157,Rnull_relative_season_sim,-0.47241104802902567
1,158,158,Rnull_relative_season_sim,-0.1401426279651834
1,159,159,Rnull_relative_season_sim,0.1609627998084311
1,160,160,Rnull_relative_season_sim,0.6259710744463645
1,161,161,Rnull_relative_season_sim,0.5958482348247194
1,162,162,Rnull_relative_season_sim,-0.05768849259750264
1,163,163,Rnull_relative_season_sim,0.21678295308549278
1,164,164,Rnull_relative_season_sim,-0.2705819222033412
1,165,165,Rnull_relative_season_sim,-0.29058322472713105
1,166,166,Rnull_relative_season_sim,0.15574667034956136
1,167,167,Rnull_relative_season_sim,-0.2664697082296039
1,168,168,Rnull_relative_season_sim,0.2565331146488967
1,169,169,Rnull_relative_season_sim,0.2327916247928592
1,170,170,Rnull_relative_season_sim,-0.26902454085052174
1,171,171,Rnull_relative_season_sim,0.031349781078115146
1,172,172,Rnull_relative_season_sim,0.0776357394223739
1,173,173,Rnull_relative_season_sim,0.09400591429887206
1,174,174,Rnull_relative_season_sim,-0.35744903634195646
1,175,175,Rnull_relative_season_sim,0.2633266201753752
1,176,176,Rnull_relative_season_sim,0.32447021911941354
1,177,177,Rnull_relative_season_sim,-0.06860141456098601
1,178,178,Rnull_relative_season_sim,0.01099494301557069
1,179,179,Rnull_relative_season_sim,-0.06615558154880496
1,180,180,Rnull_relative_season_sim,-0.25408149036970473
1,181,181,Rnull_relative_season_sim,-0.04421674531319486
1,182,182,Rnull_relative_season_sim,-0.1819357144439907
1,183,183,Rnull_relative_season_sim,0.4887021871249011
1,184,184,Rnull_relative_season_sim,0.03002785922666895
1,185,185,Rnull_relative_season_sim,-0.09545769568544493
1,186,186,Rnull_relative_season_sim,0.22285316594453408
1,187,187,Rnull_relative_season_sim,-0.27399643748551594
1,188,188,Rnull_relative_season_sim,0.273402043757903
1,189,189,Rnull_relative_season_sim,-0.4267966365895971
1,190,190,Rnull_relative_season_sim,0.04792501847608843
1,191,191,Rnull_relative_season_sim,0.5816973373763406
1,192,192,Rnull_relative_season_sim,-0.40833627162207686
1,193,193,Rnull_relative_season_sim,-0.08339162158148505
1,194,194,Rnull_relative_season_sim,0.03947406541749232
1,195,195,Rnull_relative_season_sim,0.5855344299371159
1,196,196,Rnull_relative_season_sim,0.011986673733383357
1,197,197,Rnull_relative_season_sim,0.9747655587177064
1,198,198,Rnull_relative_season_sim,-0.12874389568492484
1,199,199,Rnull_relative_season_sim,0.5188823266242568
1,200,200,Rnull_relative_season_sim,-0.1687946515172789
1,201,201,Rnull_relative_season_sim,0.30543606800910106
1,202,202,Rnull_relative_season_sim,-0.016326846936531303
1,203,203,Rnull_relative_season_sim,-0.10455095801681025
1,204,204,Rnull_relative_season_sim,0.08943560652211158
1,205,205,Rnull_relative_season_sim,0.29867853036496395
1,206,206,Rnull_relative_season_sim,-0.11044715859456755
1,207,207,Rnull_relative_season_sim,-0.12521206648847094
1,208,208,Rnull_relative_season_sim,0.1972229745195424
1,209,209,Rnull_relative_season_sim,0.05027898786981355
1,210,210,Rnull_relative_season_sim,0.20211029050667317
1,211,211,Rnull_relative_season_sim,0.43630890987850046
1,212,212,Rnull_relative_season_sim,-0.3211285077360013
1,213,213,Rnull_relative_season_sim,0.36337739819312365
1,214,214,Rnull_relative_season_sim,-0.11528404894476552
1,215,215,Rnull_relative_season_sim,0.47293612632173354
1,216,216,Rnull_relative_season_sim,-0.14193214184653302
1,217,217,Rnull_relative_season_sim,0.005651959813152141
1,218,218,Rnull_relative_season_sim,-0.3249245487351994
1,219,219,Rnull_relative_season_sim,0.15701892304028076
1,220,220,Rnull_relative_season_sim,-0.06267608183652906
1,221,221,Rnull_relative_season_sim,-0.18875201796012953
1,222,222,Rnull_relative_season_sim,-0.05614379527465163
1,223,223,Rnull_relative_season_sim,-0.16220125137991692
1,224,224,Rnull_relative_season_sim,0.020939291667730897
1,225,225,Rnull_relative_season_sim,-0.1537884880989343
1,226,226,Rnull_relative_season_sim,-0.028374477419502275
1,227,227,Rnull_relative_season_sim,0.10429493891956265
1,228,228,Rnull_relative_season_sim,0.06549360609388177
1,229,229,Rnull_relative_season_sim,0.23210037991088162
1,230,230,Rnull_relative_season_sim,-0.18312998803910496
1,231,231,Rnull_relative_season_sim,-0.27837725374515543
1,232,232,Rnull_relative_season_sim,-0.22390027037442406
1,233,233,Rnull_relative_season_sim,-0.2551359457920467
1,234,234,Rnull_relative_season_sim,-0.03921909342755925
1,235,235,Rnull_relative_season_sim,-0.24103306083843523
1,236,236,Rnull_relative_season_sim,0.3308489419031946
1,237,237,Rnull_relative_season_sim,-0.16263246615445615
1,238,238,Rnull_relative_season_sim,0.06958756493120877
1,239,239,Rnull_relative_season_sim,-0.1988811461719292
1,240,240,Rnull_relative_season_sim,0.01477288013422795
1,241,241,Rnull_relative_season_sim,0.11972398427743447
1,242,242,Rnull_relative_season_sim,-0.4144443096637872
1,243,243,Rnull_relative_season_sim,-0.09128569835135925
1,244,244,Rnull_relative_season_sim,0.7216697624404549
1,245,245,Rnull_relative_season_sim,0.39748985681774074
1,246,246,Rnull_relative_season_sim,-0.17467259577027539
1,247,247,Rnull_relative_season_sim,-0.11531493952893845
1,248,248,Rnull_relative_season_sim,0.113414658118145
1,249,249,Rnull_relative_season_sim,0.2021142630852515
1,250,250,Rnull_relative_season_sim,0.25506313125375013
1,251,251,Rnull_relative_season_sim,-0.09291516095613794
1,252,252,Rnull_relative_season_sim,0.27614915602512924
1,253,253,Rnull_relative_season_sim,-0.024203821958511895
1,254,254,Rnull_relative_season_sim,0.24471259421053748
1,255,255,Rnull_relative_season_sim,-0.09955728574838418
1,256,256,Rnull_relative_season_sim,1.1208936422712172
1,257,257,Rnull_relative_season_sim,-0.041226422467898094
1,258,258,Rnull_relative_season_sim,0.11276091873230176
1,259,259,Rnull_relative_season_sim,0.27977137042372724
1,260,260,Rnull_relative_season_sim,-0.05369467484074064
1,261,261,Rnull_relative_season_sim,-0.02038701488222372
1,262,262,Rnull_relative_season_sim,0.20104639229857657
1,263,263,Rnull_relative_season_sim,-0.23743756002220195
1,264,264,Rnull_relative_season_sim,0.22219970393082566
1,265,265,Rnull_relative_season_sim,-0.16080335746636676
1,266,266,Rnull_relative_season_sim,-0.2583568730574043
1,267,267,Rnull_relative_season_sim,-0.04201582805815751
1,268,268,Rnull_relative_season_sim,-0.11279373375452484
1,269,269,Rnull_relative_season_sim,-0.04797943465826682
1,270,270,Rnull_relative_season_sim,-0.0034963509147915017
1,271,271,Rnull_relative_season_sim,0.06741702604874855
1,272,272,Rnull_relative_season_sim,-0.38499600050100724
1,273,273,Rnull_relative_season_sim,-0.28929873160058783
1,274,274,Rnull_relative_season_sim,-0.2736325961845091
1,275,275,Rnull_relative_season_sim,-0.05451110529583181
1,276,276,Rnull_relative_season_sim,0.3847492849034493
1,277,277,Rnull_relative_season_sim,0.136565104480191
1,278,278,Rnull_relative_season_sim,0.11369940790495958
1,279,279,Rnull_relative_season_sim,0.217176072654939
1,280,280,Rnull_relative_season_sim,-0.08240832645299756
1,281,281,Rnull_relative_season_sim,0.4277025666000589
1,282,282,Rnull_relative_season_sim,0.08283269796612847
1,283,283,Rnull_relative_season_sim,-0.04552466873238992
1,284,284,Rnull_relative_season_sim,-0.22650021981214774
1,285,285,Rnull_relative_season_sim,-0.24793980780185332
1,286,286,Rnull_relative_season_sim,0.12663574436212865
1,287,287,Rnull_relative_season_sim,0.04509775468030175
1,288,288,Rnull_relative_season_sim,-0.08460134499707306
1,289,289,Rnull_relative_season_sim,0.5466513130491624
1,290,290,Rnull_relative_season_sim,0.3355705948232266
1,291,291,Rnull_relative_season_sim,0.3429124228212408
1,292,292,Rnull_relative_season_sim,0.2745866763317826
1,293,293,Rnull_relative_season_sim,0.13224129655052397
1,294,294,Rnull_relative_season_sim,0.010793103899193746
1,295,295,Rnull_relative_season_sim,-0.15707132157050296
1,296,296,Rnull_relative_season_sim,-0.23712354911368938
1,297,297,Rnull_relative_season_sim,0.24318590454984412
1,298,298,Rnull_relative_season_sim,0.2080691284511642
1,299,299,Rnull_relative_season_sim,0.4527638199548769
1,300,300,Rnull_relative_season_sim,0.014260116891786856
1,301,301,Rnull_relative_season_sim,0.1407582468346371
1,302,302,Rnull_relative_season_sim,0.008109393519428298
1,303,303,Rnull_relative_season_sim,0.2896829394250675
1,304,304,Rnull_relative_season_sim,0.018589825868636112
1,305,305,Rnull_relative_season_sim,0.4815241754366433
1,306,306,Rnull_relative_season_sim,0.3300320884190393
1,307,307,Rnull_relative_season_sim,0.4277552977634218
1,308,308,Rnull_relative_season_sim,-0.04346454359368057
1,309,309,Rnull_relative_season_sim,-0.20748134711891952
1,310,310,Rnull_relative_season_sim,-0.25099238694897175
1,311,311,Rnull_relative_season_sim,-0.08435918281701804
1,312,312,Rnull_relative_season_sim,-0.14596806695533815
1,313,313,Rnull_relative_season_sim,-0.34166529316122074
2,1,314,Rnull_relative_season_sim,-0.07320473807042127
2,2,315,Rnull_relative_season_sim,2.855293672797555
2,3,316,Rnull_relative_season_sim,-0.5441474117729115
2,4,317,Rnull_relative_season_sim,0.41631848944396066
2,5,318,Rnull_relative_season_sim,-0.715707207644858
2,6,319,Rnull_relative_season_sim,3.199770970691338
2,7,320,Rnull_relative_season_sim,0.12842706887862576
2,8,321,Rnull_relative_season_sim,-0.3343156566181327
2,9,322,Rnull_relative_season_sim,-0.09683062310636414
2,10,323,Rnull_relative_season_sim,-0.7117008162039313
2,11,324,Rnull_relative_season_sim,0.4096457455457483
2,12,325,Rnull_relative_season_sim,-0.09009648232026035
2,13,326,Rnull_relative_season_sim,-0.42979825278823525
2,14,327,Rnull_relative_season_sim,0.6107022148427574
2,15,328,Rnull_relative_season_sim,0.6654078538776496
2,16,329,Rnull_relative_season_sim,-0.06637786795713674
2,17,330,Rnull_relative_season_sim,-0.7597405913040515
2,18,331,Rnull_relative_season_sim,0.45086470185805716
2,19,332,Rnull_relative_season_sim,1.835875972646325
2,20,333,Rnull_relative_season_sim,-0.5035982620419865
2,21,334,Rnull_relative_season_sim,0.14450089809978395
2,22,335,Rnull_relative_season_sim,-0.3661868566048636
2,23,336,Rnull_relative_season_sim,2.5419035732604804
2,24,337,Rnull_relative_season_sim,0.8598328879156998
2,25,338,Rnull_relative_season_sim,1.0565860171758623
2,26,339,Rnull_relative_season_sim,-0.44692617399006795
2,27,340,Rnull_relative_season_sim,-0.2725140222384297
2,28,341,Rnull_relative_season_sim,-0.633848835511923
2,29,342,Rnull_relative_season_sim,-0.3473881935957909
2,30,343,Rnull_relative_season_sim,0.6849854681331728
2,31,344,Rnull_relative_season_sim,0.1991196385840308
2,32,345,Rnull_relative_season_sim,-0.05061730292548983
2,33,346,Rnull_relative_season_sim,-0.34138610817067816
2,34,347,Rnull_relative_season_sim,0.018569088344016604
2,35,348,Rnull_relative_season_sim,-0.5490025859503087
2,36,349,Rnull_relative_season_sim,0.9778842970573971
2,37,350,Rnull_relative_season_sim,-0.5968939488233365
2,38,351,Rnull_relative_season_sim,-0.6592715821387783
2,39,352,Rnull_relative_season_sim,4.5298495282044655
2,40,353,Rnull_relative_season_sim,-0.4875270690606637
2,41,354,Rnull_relative_season_sim,0.006022307740962685
2,42,355,Rnull_relative_season_sim,-0.6023757577741392
2,43,356,Rnull_relative_season_sim,0.023150675612426008
2,44,357,Rnull_relative_season_sim,0.016317574674358015
2,45,358,Rnull_relative_season_sim,-0.10599956196508853
2,46,359,Rnull_relative_season_sim,0.11127796861998163
2,47,360,Rnull_relative_season_sim,-0.07264468411845892
2,48,361,Rnull_relative_season_sim,-0.17842577241092816
2,49,362,Rnull_relative_season_sim,-0.05547053034037208
2,50,363,Rnull_relative_season_sim,-0.02776680684988375
2,51,364,Rnull_relative_season_sim,0.8092994691277173
2,52,365,Rnull_relative_season_sim,-0.35559159175009447
2,53,366,Rnull_relative_season_sim,0.15998665436750947
2,54,367,Rnull_relative_season_sim,-0.2619930386149444
2,55,368,Rnull_relative_season_sim,0.003653314044590461
2,56,369,Rnull_relative_season_sim,3.515404353873963
2,57,370,Rnull_relative_season_sim,2.4188910861277457
2,58,371,Rnull_relative_season_sim,-0.5727106354222705
2,59,372,Rnull_relative_season_sim,0.760934943389979
2,60,373,Rnull_relative_season_sim,1.060922174561
2,61,374,Rnull_relative_season_sim,-0.547060464720525
2,62,375,Rnull_relative_season_sim,0.48292513713353324
2,63,376,Rnull_relative_season_sim,0.5000642990127007
2,64,377,Rnull_relative_season_sim,-0.49461077026769273
2,65,378,Rnull_relative_season_sim,0.3438407697205639
2,66,379,Rnull_relative_season_sim,-0.16092387725152824
2,67,380,Rnull_relative_season_sim,0.5963140823193664
2,68,381,Rnull_relative_season_sim,0.10972355440362525
2,69,382,Rnull_relative_season_sim,0.3303630092960712
2,70,383,Rnull_relative_season_sim,-0.3652623979521351
2,71,384,Rnull_relative_season_sim,3.0597192215672564
2,72,385,Rnull_relative_season_sim,1.0730769725323994
2,73,386,Rnull_relative_season_sim,-0.4166993574109694
2,74,387,Rnull_relative_season_sim,1.8979715460809152
2,75,388,Rnull_relative_season_sim,1.297976777204271
2,76,389,Rnull_relative_season_sim,0.22502684710402598
2,77,390,Rnull_relative_season_sim,-0.5802227494864733
2,78,391,Rnull_relative_season_sim,-0.0910852801644162
2,79,392,Rnull_relative_season_sim,-0.0877644849563578
2,80,393,Rnull_relative_season_sim,-0.17577430510143544
2,81,394,Rnull_relative_season_sim,0.8173569339631235
2,82,395,Rnull_relative_season_sim,-0.6399570416706457
2,83,396,Rnull_relative_season_sim,-0.6877331734286283
2,84,397,Rnull_relative_season_sim,-0.44180772969046045
2,85,398,Rnull_relative_season_sim,-0.14834964911421888
2,86,399,Rnull_relative_season_sim,-0.7801773225527424
2,87,400,Rnull_relative_season_sim,0.2837496908248458
2,88,401,Rnull_relative_season_sim,0.5105530547808212
2,89,402,Rnull_relative_season_sim,0.026152156862605525
2,90,403,Rnull_relative_season_sim,-0.046221642260423024
2,91,404,Rnull_relative_season_sim,0.47180814186556397
2,92,405,Rnull_relative_season_sim,-0.6770031375115027
2,93,406,Rnull_relative_season_sim,3.028337567775874
2,94,407,Rnull_relative_season_sim,-0.6105483890524435
2,95,408,Rnull_relative_season_sim,0.4016982759825469
2,96,409,Rnull_relative_season_sim,-0.1386880051746382
2,97,410,Rnull_relative_season_sim,1.4460450681422068
2,98,411,Rnull_relative_season_sim,0.32972119219189544
2,99,412,Rnull_relative_season_sim,-0.6027382368964767
2,100,413,Rnull_relative_season_sim,0.1621022708239408
2,101,414,Rnull_relative_season_sim,0.022290428972420617
2,102,415,Rnull_relative_season_sim,-0.5184565827798383
2,103,416,Rnull_relative_season_sim,-0.07397215878054564
2,104,417,Rnull_relative_season_sim,1.5823610850377263
2,105,418,Rnull_relative_season_sim,0.09964534714366868
2,106,419,Rnull_relative_season_sim,-0.45375304507271086
2,107,420,Rnull_relative_season_sim,-0.21975570444263182
2,108,421,Rnull_relative_season_sim,0.8152161860850151
2,109,422,Rnull_relative_season_sim,0.02690886388024971
2,110,423,Rnull_relative_season_sim,-0.09608522598546088
2,111,424,Rnull_relative_season_sim,0.5251016278617697
2,112,425,Rnull_relative_season_sim,0.06987185190381817
2,113,426,Rnull_relative_season_sim,0.5815065277314584
2,114,427,Rnull_relative_season_sim,0.14434950695813709
2,115,428,Rnull_relative_season_sim,1.1594048369468277
2,116,429,Rnull_relative_season_sim,-7.024058093662022e-4
2,117,430,Rnull_relative_season_sim,-0.4469066585492355
2,118,431,Rnull_relative_season_sim,0.6924812559786473
2,119,432,Rnull_relative_season_sim,0.032212798551958244
2,120,433,Rnull_relative_season_sim,-0.23369874805355995
2,121,434,Rnull_relative_season_sim,1.019314132845472
2,122,435,Rnull_relative_season_sim,-0.7081428241657455
2,123,436,Rnull_relative_season_sim,0.5289730429467141
2,124,437,Rnull_relative_season_sim,-0.19936951421371352
2,125,438,Rnull_relative_season_sim,0.0437540268215022
2,126,439,Rnull_relative_season_sim,-0.5440884224210223
2,127,440,Rnull_relative_season_sim,0.7143988345797063
2,128,441,Rnull_relative_season_sim,1.1574253925531552
2,129,442,Rnull_relative_season_sim,0.10771183494283787
2,130,443,Rnull_relative_season_sim,-0.5365003074771113
2,131,444,Rnull_relative_season_sim,-0.5348923223090591
2,132,445,Rnull_relative_season_sim,-0.11284617000827746
2,133,446,Rnull_relative_season_sim,-0.4937337857119186
2,134,447,Rnull_relative_season_sim,0.003683270177108122
2,135,448,Rnull_relative_season_sim,-0.36128450844128046
2,136,449,Rnull_relative_season_sim,-0.670366002424523
2,137,450,Rnull_relative_season_sim,-0.8138306262896622
2,138,451,Rnull_relative_season_sim,0.35749971668158276
2,139,452,Rnull_relative_season_sim,-0.6949032810353197
2,140,453,Rnull_relative_season_sim,0.19055265991938075
2,141,454,Rnull_relative_season_sim,-0.3842970494774893
2,142,455,Rnull_relative_season_sim,-0.41562392171196183
2,143,456,Rnull_relative_season_sim,0.7933063127871627
2,144,457,Rnull_relative_season_sim,-0.5983918222173976
2,145,458,Rnull_relative_season_sim,-0.15267818022639423
2,146,459,Rnull_relative_season_sim,0.20531399427359154
2,147,460,Rnull_relative_season_sim,0.15094723762020634
2,148,461,Rnull_relative_season_sim,0.7045581000688124
2,149,462,Rnull_relative_season_sim,1.5197632788129285
2,150,463,Rnull_relative_season_sim,-0.008420782295169849
2,151,464,Rnull_relative_season_sim,0.11158478908876734
2,152,465,Rnull_relative_season_sim,0.6958439997907713
2,153,466,Rnull_relative_season_sim,0.8560946359622075
2,154,467,Rnull_relative_season_sim,0.03719049430245702
2,155,468,Rnull_relative_season_sim,-0.3173854870841404
2,156,469,Rnull_relative_season_sim,-0.36225119818442786
2,157,470,Rnull_relative_season_sim,0.32716683269967817
2,158,471,Rnull_relative_season_sim,-0.2561952539985679
2,159,472,Rnull_relative_season_sim,-0.02818473194406179
2,160,473,Rnull_relative_season_sim,1.0391427689063915
2,161,474,Rnull_relative_season_sim,-0.7453947659792305
2,162,475,Rnull_relative_season_sim,-0.15321156135260972
2,163,476,Rnull_relative_season_sim,-0.2243477311419969
2,164,477,Rnull_relative_season_sim,0.058425735615470265
2,165,478,Rnull_relative_season_sim,0.5256821437095327
2,166,479,Rnull_relative_season_sim,0.6729975971049766
2,167,480,Rnull_relative_season_sim,-0.017337730080640545
2,168,481,Rnull_relative_season_sim,0.597862485010783
2,169,482,Rnull_relative_season_sim,0.863389270666657
2,170,483,Rnull_relative_season_sim,-0.046576234706033115
2,171,484,Rnull_relative_season_sim,0.10468817128500096
2,172,485,Rnull_relative_season_sim,-0.39727473817852055
2,173,486,Rnull_relative_season_sim,0.3050157196489658
2,174,487,Rnull_relative_season_sim,-0.3467603321968751
2,175,488,Rnull_relative_season_sim,-0.24110879745536817
2,176,489,Rnull_relative_season_sim,-0.3985058765511722
2,177,490,Rnull_relative_season_sim,0.9845706922788209
2,178,491,Rnull_relative_season_sim,0.5398682594438269
2,179,492,Rnull_relative_season_sim,-0.23735988576044376
2,180,493,Rnull_relative_season_sim,0.021987183869025984
2,181,494,Rnull_relative_season_sim,-0.5313346258295969
2,182,495,Rnull_relative_season_sim,-0.60192053575409
2,183,496,Rnull_relative_season_sim,0.4237049136227766
2,184,497,Rnull_relative_season_sim,0.3196519866454506
2,185,498,Rnull_relative_season_sim,-0.10305797264314209
2,186,499,Rnull_relative_season_sim,-0.16906349398979237
2,187,500,Rnull_relative_season_sim,0.12124882210991395
2,188,501,Rnull_relative_season_sim,0.18866585913488532
2,189,502,Rnull_relative_season_sim,1.9314187395945615
2,190,503,Rnull_relative_season_sim,-0.5574331796955783
2,191,504,Rnull_relative_season_sim,-0.8017631294703915
2,192,505,Rnull_relative_season_sim,-0.20624083588000375
2,193,506,Rnull_relative_season_sim,0.4741614667963234
2,194,507,Rnull_relative_season_sim,-0.11559645108031036
2,195,508,Rnull_relative_season_sim,0.32572481349427873
2,196,509,Rnull_relative_season_sim,0.5249541715702402
2,197,510,Rnull_relative_season_sim,-0.22043195796087078
2,198,511,Rnull_relative_season_sim,-0.210693971054433
2,199,512,Rnull_relative_season_sim,-0.05401882615331133
2,200,513,Rnull_relative_season_sim,-0.35877516224172223
2,201,514,Rnull_relative_season_sim,0.21240538441145151
2,202,515,Rnull_relative_season_sim,-0.03303402519373455
2,203,516,Rnull_relative_season_sim,2.0982794509816696
2,204,517,Rnull_relative_season_sim,-0.5598497177071189
2,205,518,Rnull_relative_season_sim,0.04149766301483626
2,206,519,Rnull_relative_season_sim,-0.5475066733323679
2,207,520,Rnull_relative_season_sim,0.6026881925348739
2,208,521,Rnull_relative_season_sim,1.7293224034893933
2,209,522,Rnull_relative_season_sim,2.4151043814720494
2,210,523,Rnull_relative_season_sim,-0.4203923146727542
2,211,524,Rnull_relative_season_sim,-0.3865948000331182
2,212,525,Rnull_relative_season_sim,0.7775928755716393
2,213,526,Rnull_relative_season_sim,1.0943789217628712
2,214,527,Rnull_relative_season_sim,0.0534972764345798
2,215,528,Rnull_relative_season_sim,-0.19895571553168612
2,216,529,Rnull_relative_season_sim,-0.7838087860893528
2,217,530,Rnull_relative_season_sim,0.8246038419048656
2,218,531,Rnull_relative_season_sim,-0.521916088562921
2,219,532,Rnull_relative_season_sim,-0.4446608704673565
2,220,533,Rnull_relative_season_sim,0.2609797870584962
2,221,534,Rnull_relative_season_sim,-0.6722500352579351
2,222,535,Rnull_relative_season_sim,0.5242387748673012
2,223,536,Rnull_relative_season_sim,0.5575746104914756
2,224,537,Rnull_relative_season_sim,-0.5539373357132586
2,225,538,Rnull_relative_season_sim,0.3228079274145388
2,226,539,Rnull_relative_season_sim,0.2629232636735106
2,227,540,Rnull_relative_season_sim,-0.7862449578067043
2,228,541,Rnull_relative_season_sim,-0.14423848951620932
2,229,542,Rnull_relative_season_sim,-0.3125699434185506
2,230,543,Rnull_relative_season_sim,-0.7802063010305228
2,231,544,Rnull_relative_season_sim,-0.816469331355541
2,232,545,Rnull_relative_season_sim,0.5206340726528302
2,233,546,Rnull_relative_season_sim,1.104261031494373
2,234,547,Rnull_relative_season_sim,1.0210859176022957
2,235,548,Rnull_relative_season_sim,0.2617181656055949
2,236,549,Rnull_relative_season_sim,-0.4999650970325732
2,237,550,Rnull_relative_season_sim,0.007970294258305533
2,238,551,Rnull_relative_season_sim,0.49984927497484777
2,239,552,Rnull_relative_season_sim,0.16460924474904437
2,240,553,Rnull_relative_season_sim,-0.5497276637597059
2,241,554,Rnull_relative_season_sim,-0.09020161934578608
2,242,555,Rnull_relative_season_sim,0.30701751956855605
2,243,556,Rnull_relative_season_sim,0.04527089734291412
2,244,557,Rnull_relative_season_sim,-0.07020093828307772
2,245,558,Rnull_relative_season_sim,0.20108754767672066
2,246,559,Rnull_relative_season_sim,-0.15687014117525688
2,247,560,Rnull_relative_season_sim,1.4773919161743345
2,248,561,Rnull_relative_season_sim,0.35789490114910794
2,249,562,Rnull_relative_season_sim,1.2278003759272282
2,250,563,Rnull_relative_season_sim,0.80586526378962
2,251,564,Rnull_relative_season_sim,-0.11574160991913574
2,252,565,Rnull_relative_season_sim,-0.3601242474532139
2,253,566,Rnull_relative_season_sim,-0.4420144708292132
2,254,567,Rnull_relative_season_sim,1.5651337381103692
2,255,568,Rnull_relative_season_sim,-0.1296219166560474
2,256,569,Rnull_relative_season_sim,0.10799552715704008
2,257,570,Rnull_relative_season_sim,-0.33574261680323525
2,258,571,Rnull_relative_season_sim,-0.5478760098153301
2,259,572,Rnull_relative_season_sim,-0.01196793394370188
2,260,573,Rnull_relative_season_sim,0.1995378573739377
2,261,574,Rnull_relative_season_sim,-0.6254807680918154
2,262,575,Rnull_relative_season_sim,0.663468186091779
2,263,576,Rnull_relative_season_sim,0.11544142008755287
2,264,577,Rnull_relative_season_sim,-0.21933993284308628
2,265,578,Rnull_relative_season_sim,-0.4660419567716302
2,266,579,Rnull_relative_season_sim,0.756253333712334
2,267,580,Rnull_relative_season_sim,0.9217353799434129
2,268,581,Rnull_relative_season_sim,-0.20180498877608766
2,269,582,Rnull_relative_season_sim,-0.3236310940903132
2,270,583,Rnull_relative_season_sim,-0.19165814096090872
2,271,584,Rnull_relative_season_sim,0.2439742614195728
2,272,585,Rnull_relative_season_sim,-0.3322605992008705
2,273,586,Rnull_relative_season_sim,0.7990191057720615
2,274,587,Rnull_relative_season_sim,-0.2049723814730834
2,275,588,Rnull_relative_season_sim,1.203516848138738
2,276,589,Rnull_relative_season_sim,0.003928031876305749
2,277,590,Rnull_relative_season_sim,-0.2950926162373666
2,278,591,Rnull_relative_season_sim,0.3087795520613066
2,279,592,Rnull_relative_season_sim,-0.5303841165056895
2,280,593,Rnull_relative_season_sim,1.2711737442018025
2,281,594,Rnull_relative_season_sim,0.25989319926354026
2,282,595,Rnull_relative_season_sim,0.19363576108803393
2,283,596,Rnull_relative_season_sim,-0.03521385174713221
2,284,597,Rnull_relative_season_sim,1.0186808112456673
2,285,598,Rnull_relative_season_sim,0.7911684038163072
2,286,599,Rnull_relative_season_sim,-0.22752699720458425
2,287,600,Rnull_relative_season_sim,0.2117349685712846
2,288,601,Rnull_relative_season_sim,0.9591349195713688
2,289,602,Rnull_relative_season_sim,1.6306125022071951
2,290,603,Rnull_relative_season_sim,0.3616104179390238
2,291,604,Rnull_relative_season_sim,-0.41985573153486266
2,292,605,Rnull_relative_season_sim,-0.30870768224784584
2,293,606,Rnull_relative_season_sim,0.05670395555639418
2,294,607,Rnull_relative_season_sim,-0.608279847423101
2,295,608,Rnull_relative_season_sim,0.07969079150990899
2,296,609,Rnull_relative_season_sim,0.3927495816858011
2,297,610,Rnull_relative_season_sim,2.030961538676583
2,298,611,Rnull_relative_season_sim,0.8400796836213125
2,299,612,Rnull_relative_season_sim,-0.3977154956005522
2,300,613,Rnull_relative_season_sim,0.9379261400511407
2,301,614,Rnull_relative_season_sim,-0.08331307008642952
2,302,615,Rnull_relative_season_sim,-0.17830570620971398
2,303,616,Rnull_relative_season_sim,-0.7278275897587488
2,304,617,Rnull_relative_season_sim,1.0263245216909893
2,305,618,Rnull_relative_season_sim,-0.16839786222428732
2,306,619,Rnull_relative_season_sim,-0.08661129411515378
2,307,620,Rnull_relative_season_sim,1.4064364907089084
2,308,621,Rnull_relative_season_sim,-0.1508391326502272
2,309,622,Rnull_relative_season_sim,1.7480666296197866
2,310,623,Rnull_relative_season_sim,-0.614656523427896
2,311,624,Rnull_relative_season_sim,0.3605690319632042
2,312,625,Rnull_relative_season_sim,0.4078054702370726
2,313,626,Rnull_relative_season_sim,-0.5765704007236468
3,1,627,Rnull_relative_season_sim,0.195886820013764
3,2,628,Rnull_relative_season_sim,0.14863306267583187
3,3,629,Rnull_relative_season_sim,-0.406522228710942
3,4,630,Rnull_relative_season_sim,0.07962801026954525
3,5,631,Rnull_relative_season_sim,-0.46004771518620324
3,6,632,Rnull_relative_season_sim,1.3584562864066396
3,7,633,Rnull_relative_season_sim,-0.17116401449229812
3,8,634,Rnull_relative_season_sim,0.15716781960541404
3,9,635,Rnull_relative_season_sim,0.2533953648898577
3,10,636,Rnull_relative_season_sim,-0.422439624613289
3,11,637,Rnull_relative_season_sim,-0.27005843107248195
3,12,638,Rnull_relative_season_sim,0.18699314207333595
3,13,639,Rnull_relative_season_sim,-0.3749604900199317
3,14,640,Rnull_relative_season_sim,-0.09659538210870511
3,15,641,Rnull_relative_season_sim,-0.29420876621840586
3,16,642,Rnull_relative_season_sim,-0.3834773627020369
3,17,643,Rnull_relative_season_sim,0.16473597084660252
3,18,644,Rnull_relative_season_sim,-0.06333927200559542
3,19,645,Rnull_relative_season_sim,0.13574834954731507
3,20,646,Rnull_relative_season_sim,0.34430019474858975
3,21,647,Rnull_relative_season_sim,-0.1886126116130432
3,22,648,Rnull_relative_season_sim,0.35497060701511507
3,23,649,Rnull_relative_season_sim,-0.07664504314487641
3,24,650,Rnull_relative_season_sim,0.3178098472905502
3,25,651,Rnull_relative_season_sim,-0.29710140021877574
3,26,652,Rnull_relative_season_sim,-0.0254214217501878
3,27,653,Rnull_relative_season_sim,-0.3582986675952118
3,28,654,Rnull_relative_season_sim,-0.2970554538261462
3,29,655,Rnull_relative_season_sim,0.4603521259687797
3,30,656,Rnull_relative_season_sim,0.09327778926188857
3,31,657,Rnull_relative_season_sim,0.36179627373771805
3,32,658,Rnull_relative_season_sim,-0.043699526793497645
3,33,659,Rnull_relative_season_sim,-0.07397301945736179
3,34,660,Rnull_relative_season_sim,0.0840473893341156
3,35,661,Rnull_relative_season_sim,0.4674979460795461
3,36,662,Rnull_relative_season_sim,0.7054536546627603
3,37,663,Rnull_relative_season_sim,-0.21238259537750792
3,38,664,Rnull_relative_season_sim,8.997731961839506e-4
3,39,665,Rnull_relative_season_sim,-0.16116203687385966
3,40,666,Rnull_relative_season_sim,-0.06740037204692628
3,41,667,Rnull_relative_season_sim,0.34897279120728264
3,42,668,Rnull_relative_season_sim,0.5090656780143288
3,43,669,Rnull_relative_season_sim,-0.014818659634934894
3,44,670,Rnull_relative_season_sim,-0.16304635910484078
3,45,671,Rnull_relative_season_sim,-0.26303456206383535
3,46,672,Rnull_relative_season_sim,-0.11180244091335512
3,47,673,Rnull_relative_season_sim,-0.002361964659631788
3,48,674,Rnull_relative_season_sim,-0.32699346433256415
3,49,675,Rnull_relative_season_sim,0.40766242142715514
3,50,676,Rnull_relative_season_sim,-0.10170302324231584
3,51,677,Rnull_relative_season_sim,0.1979625783923804
3,52,678,Rnull_relative_season_sim,-0.3543619585341651
3,53,679,Rnull_relative_season_sim,-0.21820580583065463
3,54,680,Rnull_relative_season_sim,0.6471670634249718
3,55,681,Rnull_relative_season_sim,0.07731971294250561
3,56,682,Rnull_relative_season_sim,-0.0809813720477438
3,57,683,Rnull_relative_season_sim,0.11853935014150263
3,58,684,Rnull_relative_season_sim,0.1318042015772103
3,59,685,Rnull_relative_season_sim,-0.08069790623914286
3,60,686,Rnull_relative_season_sim,0.38636125751780925
3,61,687,Rnull_relative_season_sim,0.48616578762493057
3,62,688,Rnull_relative_season_sim,-0.43630655403910157
3,63,689,Rnull_relative_season_sim,-0.09596316536057847
3,64,690,Rnull_relative_season_sim,0.20563348233733536
3,65,691,Rnull_relative_season_sim,0.7416710820931456
3,66,692,Rnull_relative_season_sim,-0.25823815717338994
3,67,693,Rnull_relative_season_sim,-0.293289664700795
3,68,694,Rnull_relative_season_sim,-0.28703865417703966
3,69,695,Rnull_relative_season_sim,-0.4579574933480618
3,70,696,Rnull_relative_season_sim,-0.4259615013209658
3,71,697,Rnull_relative_season_sim,-0.17268266020382783
3,72,698,Rnull_relative_season_sim,0.2546403344934638
3,73,699,Rnull_relative_season_sim,0.10769997039059698
3,74,700,Rnull_relative_season_sim,-0.15160673169333738
3,75,701,Rnull_relative_season_sim,0.06404363934713597
3,76,702,Rnull_relative_season_sim,0.4693480126238556
3,77,703,Rnull_relative_season_sim,-0.22541600981378962
3,78,704,Rnull_relative_season_sim,-0.09359864020929742
3,79,705,Rnull_relative_season_sim,0.436486755790664
3,80,706,Rnull_relative_season_sim,0.025326236610843544
3,81,707,Rnull_relative_season_sim,-0.17329325211341418
3,82,708,Rnull_relative_season_sim,0.5208515964213896
3,83,709,Rnull_relative_season_sim,0.013704654198124278
3,84,710,Rnull_relative_season_sim,0.6218174203658802
3,85,711,Rnull_relative_season_sim,0.31860328272740857
3,86,712,Rnull_relative_season_sim,-0.1559558380955679
3,87,713,Rnull_relative_season_sim,0.1674690609105951
3,88,714,Rnull_relative_season_sim,-0.06182398372931597
3,89,715,Rnull_relative_season_sim,-0.24160940062815284
3,90,716,Rnull_relative_season_sim,0.5223272046050047
3,91,717,Rnull_relative_season_sim,0.08944217672693311
3,92,718,Rnull_relative_season_sim,0.14559774940012193
3,93,719,Rnull_relative_season_sim,-0.24694788607022566
3,94,720,Rnull_relative_season_sim,-0.04188182204627855
3,95,721,Rnull_relative_season_sim,0.050839882628229915
3,96,722,Rnull_relative_season_sim,0.6119473657713304
3,97,723,Rnull_relative_season_sim,0.5253166535449261
3,98,724,Rnull_relative_season_sim,-0.016013341016426486
3,99,725,Rnull_relative_season_sim,0.581082697191537
3,100,726,Rnull_relative_season_sim,-0.22351228978134496
3,101,727,Rnull_relative_season_sim,-0.008899075860693939
3,102,728,Rnull_relative_season_sim,0.13587735209261287
3,103,729,Rnull_relative_season_sim,-0.08476563862601871
3,104,730,Rnull_relative_season_sim,-0.30981241751906063
3,105,731,Rnull_relative_season_sim,0.3006120915428314
3,106,732,Rnull_relative_season_sim,-0.22556691187690225
3,107,733,Rnull_relative_season_sim,1.2946497559496888
3,108,734,Rnull_relative_season_sim,-0.03094847652485344
3,109,735,Rnull_relative_season_sim,0.12408294332193281
3,110,736,Rnull_relative_season_sim,-0.4590896422619025
3,111,737,Rnull_relative_season_sim,0.25412454649963734
3,112,738,Rnull_relative_season_sim,0.15852548170876757
3,113,739,Rnull_relative_season_sim,-0.2853409879730512
3,114,740,Rnull_relative_season_sim,-0.09459964981532298
3,115,741,Rnull_relative_season_sim,0.20919219986948456
3,116,742,Rnull_relative_season_sim,-0.11906576001784863
3,117,743,Rnull_relative_season_sim,-0.5985873477354984
3,118,744,Rnull_relative_season_sim,0.7881436136873465
3,119,745,Rnull_relative_season_sim,0.1799111848989663
3,120,746,Rnull_relative_season_sim,0.6282098180818552
3,121,747,Rnull_relative_season_sim,-0.055618884956393
3,122,748,Rnull_relative_season_sim,-0.3620650386082075
3,123,749,Rnull_relative_season_sim,0.0329116131725149
3,124,750,Rnull_relative_season_sim,0.35157505091830754
3,125,751,Rnull_relative_season_sim,-0.03765698767799397
3,126,752,Rnull_relative_season_sim,-0.17948199044875413
3,127,753,Rnull_relative_season_sim,-0.19185684428481087
3,128,754,Rnull_relative_season_sim,-0.46392363492372146
3,129,755,Rnull_relative_season_sim,0.08742560421958911
3,130,756,Rnull_relative_season_sim,0.8523027299346397
3,131,757,Rnull_relative_season_sim,-0.2049406810832597
3,132,758,Rnull_relative_season_sim,-0.20030584694679343
3,133,759,Rnull_relative_season_sim,0.02800441285813071
3,134,760,Rnull_relative_season_sim,0.28438901656885296
3,135,761,Rnull_relative_season_sim,0.5610272560835396
3,136,762,Rnull_relative_season_sim,0.36619063299466026
3,137,763,Rnull_relative_season_sim,0.09453111927480418
3,138,764,Rnull_relative_season_sim,0.0991019829003501
3,139,765,Rnull_relative_season_sim,-0.11838099370136468
3,140,766,Rnull_relative_season_sim,-0.29858944590429803
3,141,767,Rnull_relative_season_sim,0.2568082475401241
3,142,768,Rnull_relative_season_sim,-0.2820233165971652
3,143,769,Rnull_relative_season_sim,0.08971814390303323
3,144,770,Rnull_relative_season_sim,-0.1402624564251962
3,145,771,Rnull_relative_season_sim,-0.14985810537388755
3,146,772,Rnull_relative_season_sim,-0.10513338463270083
3,147,773,Rnull_relative_season_sim,1.2295016346612901
3,148,774,Rnull_relative_season_sim,-0.2570869325313876
3,149,775,Rnull_relative_season_sim,0.27741816777867356
3,150,776,Rnull_relative_season_sim,0.37502323786701397
3,151,777,Rnull_relative_season_sim,0.49305119523178154
3,152,778,Rnull_relative_season_sim,0.045497423225747236
3,153,779,Rnull_relative_season_sim,0.7098285860019884
3,154,780,Rnull_relative_season_sim,-5.512969133559809e-4
3,155,781,Rnull_relative_season_sim,-0.5846664530803584
3,156,782,Rnull_relative_season_sim,0.35117290411406676
3,157,783,Rnull_relative_season_sim,0.031625745725425425
3,158,784,Rnull_relative_season_sim,0.08177693290293031
3,159,785,Rnull_relative_season_sim,-0.021546115282928713
3,160,786,Rnull_relative_season_sim,0.12590189163579524
3,161,787,Rnull_relative_season_sim,-0.14140516251178814
3,162,788,Rnull_relative_season_sim,0.2627580559527607
3,163,789,Rnull_relative_season_sim,0.06987680611003921
3,164,790,Rnull_relative_season_sim,-0.428247921003457
3,165,791,Rnull_relative_season_sim,-0.29395116147571043
3,166,792,Rnull_relative_season_sim,-0.242269739820008
3,167,793,Rnull_relative_season_sim,0.03845784169683508
3,168,794,Rnull_relative_season_sim,-0.09757695516989284
3,169,795,Rnull_relative_season_sim,0.3031595510744245
3,170,796,Rnull_relative_season_sim,-0.1918014080325675
3,171,797,Rnull_relative_season_sim,0.2198987742362073
3,172,798,Rnull_relative_season_sim,-0.223477477299043
3,173,799,Rnull_relative_season_sim,-0.302278166249885
3,174,800,Rnull_relative_season_sim,0.12736337276174736
3,175,801,Rnull_relative_season_sim,-0.2554835859370389
3,176,802,Rnull_relative_season_sim,-0.1985882952324488
3,177,803,Rnull_relative_season_sim,-0.10097185226201022
3,178,804,Rnull_relative_season_sim,0.04298441331008962
3,179,805,Rnull_relative_season_sim,0.16739496921724983
3,180,806,Rnull_relative_season_sim,-0.24491045037912484
3,181,807,Rnull_relative_season_sim,-0.04234380339233401
3,182,808,Rnull_relative_season_sim,-0.2641756699575395
3,183,809,Rnull_relative_season_sim,0.12190560612028611
3,184,810,Rnull_relative_season_sim,-0.2670037809566047
3,185,811,Rnull_relative_season_sim,0.2529807660533161
3,186,812,Rnull_relative_season_sim,0.2768833064664262
3,187,813,Rnull_relative_season_sim,-0.04113669926271801
3,188,814,Rnull_relative_season_sim,-0.40413697104477353
3,189,815,Rnull_relative_season_sim,-0.3103039568001851
3,190,816,Rnull_relative_season_sim,-0.20069030640250984
3,191,817,Rnull_relative_season_sim,-0.05755574148121356
3,192,818,Rnull_relative_season_sim,-0.4101093523665803
3,193,819,Rnull_relative_season_sim,-0.11442091745704364
3,194,820,Rnull_relative_season_sim,0.3206980136071196
3,195,821,Rnull_relative_season_sim,-0.5335577702613377
3,196,822,Rnull_relative_season_sim,-0.14762650410354383
3,197,823,Rnull_relative_season_sim,-0.2289612658666974
3,198,824,Rnull_relative_season_sim,-0.35704645150363135
3,199,825,Rnull_relative_season_sim,-0.14565253227162778
3,200,826,Rnull_relative_season_sim,0.1376842743123763
3,201,827,Rnull_relative_season_sim,-0.16539168986964747
3,202,828,Rnull_relative_season_sim,-0.2407417439122881
3,203,829,Rnull_relative_season_sim,-0.015418502917080468
3,204,830,Rnull_relative_season_sim,0.8363937575021287
3,205,831,Rnull_relative_season_sim,-0.09300697692692361
3,206,832,Rnull_relative_season_sim,0.30269879096619134
3,207,833,Rnull_relative_season_sim,-0.39563778015942697
3,208,834,Rnull_relative_season_sim,-0.36394542743078606
3,209,835,Rnull_relative_season_sim,0.05998046338073548
3,210,836,Rnull_relative_season_sim,0.5217823952670859
3,211,837,Rnull_relative_season_sim,-0.31802603110087
3,212,838,Rnull_relative_season_sim,-0.17712058871131986
3,213,839,Rnull_relative_season_sim,0.32286283061218013
3,214,840,Rnull_relative_season_sim,0.15325935944988567
3,215,841,Rnull_relative_season_sim,-0.30599868628564963
3,216,842,Rnull_relative_season_sim,0.07345088233482211
3,217,843,Rnull_relative_season_sim,0.11927635400399939
3,218,844,Rnull_relative_season_sim,-0.2627627005378509
3,219,845,Rnull_relative_season_sim,-0.12636207310760572
3,220,846,Rnull_relative_season_sim,-0.03793540500824555
3,221,847,Rnull_relative_season_sim,0.5218724668181205
3,222,848,Rnull_relative_season_sim,0.41490492047508876
3,223,849,Rnull_relative_season_sim,0.12411561106652247
3,224,850,Rnull_relative_season_sim,-0.4245290765261093
3,225,851,Rnull_relative_season_sim,-0.22029265903280282
3,226,852,Rnull_relative_season_sim,0.20308745297944775
3,227,853,Rnull_relative_season_sim,0.4608460078393195
3,228,854,Rnull_relative_season_sim,0.025512976071809135
3,229,855,Rnull_relative_season_sim,0.0014225594056507251
3,230,856,Rnull_relative_season_sim,0.10987324749904692
3,231,857,Rnull_relative_season_sim,-0.10695229552709296
3,232,858,Rnull_relative_season_sim,0.19192876687276628
3,233,859,Rnull_relative_season_sim,0.13255917194123246
3,234,860,Rnull_relative_season_sim,-0.37830531712895976
3,235,861,Rnull_relative_season_sim,0.377754056257926
3,236,862,Rnull_relative_season_sim,0.02369125153226137
3,237,863,Rnull_relative_season_sim,0.4144374852279389
3,238,864,Rnull_relative_season_sim,0.31435578471183967
3,239,865,Rnull_relative_season_sim,-0.25157576288140027
3,240,866,Rnull_relative_season_sim,-0.3260741380101443
3,241,867,Rnull_relative_season_sim,-0.27611111560295065
3,242,868,Rnull_relative_season_sim,0.1577415698714415
3,243,869,Rnull_relative_season_sim,-0.40796405832878324
3,244,870,Rnull_relative_season_sim,0.10430974114094371
3,245,871,Rnull_relative_season_sim,-0.23976860947609824
3,246,872,Rnull_relative_season_sim,-0.12526835954348325
3,247,873,Rnull_relative_season_sim,-0.20140092424560752
3,248,874,Rnull_relative_season_sim,0.5421235148156351
3,249,875,Rnull_relative_season_sim,-0.042310469616365975
3,250,876,Rnull_relative_season_sim,-0.3389598700568124
3,251,877,Rnull_relative_season_sim,-0.10445190433501772
3,252,878,Rnull_relative_season_sim,0.7293143387167027
3,253,879,Rnull_relative_season_sim,0.049395248026850025
3,254,880,Rnull_relative_season_sim,0.3681010430133782
3,255,881,Rnull_relative_season_sim,-0.05967552728037351
3,256,882,Rnull_relative_season_sim,-0.52263320989879
3,257,883,Rnull_relative_season_sim,1.3043670595690116
3,258,884,Rnull_relative_season_sim,-0.12372475462185262
3,259,885,Rnull_relative_season_sim,0.0634833294336834
3,260,886,Rnull_relative_season_sim,-0.0774812995806341
3,261,887,Rnull_relative_season_sim,-0.15138055705937603
3,262,888,Rnull_relative_season_sim,0.6816903446275995
3,263,889,Rnull_relative_season_sim,0.1957112692485521
3,264,890,Rnull_relative_season_sim,-0.023676062320298397
3,265,891,Rnull_relative_season_sim,-0.2533627705413608
3,266,892,Rnull_relative_season_sim,-0.06627086721284847
3,267,893,Rnull_relative_season_sim,-0.07223169975336796
3,268,894,Rnull_relative_season_sim,-0.15544168774604283
3,269,895,Rnull_relative_season_sim,-0.0061349284456585496
3,270,896,Rnull_relative_season_sim,-0.16933654491160266
3,271,897,Rnull_relative_season_sim,0.6144760915591383
3,272,898,Rnull_relative_season_sim,-0.3175405522087933
3,273,899,Rnull_relative_season_sim,0.20242400717622688
3,274,900,Rnull_relative_season_sim,0.06551617741395255
3,275,901,Rnull_relative_season_sim,-0.18994768637198045
3,276,902,Rnull_relative_season_sim,-0.021552297366077555
3,277,903,Rnull_relative_season_sim,-0.09763476384126368
3,278,904,Rnull_relative_season_sim,0.33366713610249255
3,279,905,Rnull_relative_season_sim,-0.2206456396450629
3,280,906,Rnull_relative_season_sim,0.1301075080527665
3,281,907,Rnull_relative_season_sim,-0.20935312285842922
3,282,908,Rnull_relative_season_sim,-0.4710395174567278
3,283,909,Rnull_relative_season_sim,0.2755664072414188
3,284,910,Rnull_relative_season_sim,-0.23177195150799257
3,285,911,Rnull_relative_season_sim,-0.39291468420281195
3,286,912,Rnull_relative_season_sim,0.2886257352889141
3,287,913,Rnull_relative_season_sim,-0.1509600016037903
3,288,914,Rnull_relative_season_sim,-0.2575408926591344
3,289,915,Rnull_relative_season_sim,-0.2522485328981864
3,290,916,Rnull_relative_season_sim,0.1829500849562209
3,291,917,Rnull_relative_season_sim,-0.3765322489918207
3,292,918,Rnull_relative_season_sim,0.061447580618960496
3,293,919,Rnull_relative_season_sim,-0.2790546243422821
3,294,920,Rnull_relative_season_sim,-0.04038263542373244
3,295,921,Rnull_relative_season_sim,-0.18581719200749103
3,296,922,Rnull_relative_season_sim,-0.25097911001205664
3,297,923,Rnull_relative_season_sim,0.5119639043696631
3,298,924,Rnull_relative_season_sim,-0.16493403507096238
3,299,925,Rnull_relative_season_sim,0.20340161198391193
3,300,926,Rnull_relative_season_sim,-0.4559522870210482
3,301,927,Rnull_relative_season_sim,-0.5042255588168756
3,302,928,Rnull_relative_season_sim,-0.10492219924931889
3,303,929,Rnull_relative_season_sim,-0.15275580515440956
3,304,930,Rnull_relative_season_sim,0.43106101161154875
3,305,931,Rnull_relative_season_sim,-0.4417393311210793
3,306,932,Rnull_relative_season_sim,0.1440878062079325
3,307,933,Rnull_relative_season_sim,0.14028596671308224
3,308,934,Rnull_relative_season_sim,0.11946727725193806
3,309,935,Rnull_relative_season_sim,-0.04204776073940886
3,310,936,Rnull_relative_season_sim,0.4321645695833596
3,311,937,Rnull_relative_season_sim,0.12495644519974447
3,312,938,Rnull_relative_season_sim,-0.5703006974212776
3,313,939,Rnull_relative_season_sim,0.0395414617351415
4,1,940,Rnull_relative_season_sim,0.3878687951204711
4,2,941,Rnull_relative_season_sim,4.1187270275879175
4,3,942,Rnull_relative_season_sim,-0.13486392869189479
4,4,943,Rnull_relative_season_sim,30.773188480414
4,5,944,Rnull_relative_season_sim,-0.08552170952459481
4,6,945,Rnull_relative_season_sim,-0.5970754464181519
4,7,946,Rnull_relative_season_sim,-0.6462927637540588
4,8,947,Rnull_relative_season_sim,0.026457760558061594
4,9,948,Rnull_relative_season_sim,-0.6575082219365482
4,10,949,Rnull_relative_season_sim,-0.7615748440647574
4,11,950,Rnull_relative_season_sim,5.862679474854793
4,12,951,Rnull_relative_season_sim,0.18486633099729
4,13,952,Rnull_relative_season_sim,3.4639649127241237
4,14,953,Rnull_relative_season_sim,2.2997976205286763
4,15,954,Rnull_relative_season_sim,3.8403045127347557
4,16,955,Rnull_relative_season_sim,3.1316628809311657
4,17,956,Rnull_relative_season_sim,0.21351796681035395
4,18,957,Rnull_relative_season_sim,-0.15951392031767553
4,19,958,Rnull_relative_season_sim,0.14730096373225043
4,20,959,Rnull_relative_season_sim,4.188157409450417
4,21,960,Rnull_relative_season_sim,6.2950976271862835
4,22,961,Rnull_relative_season_sim,-0.4994837900856317
4,23,962,Rnull_relative_season_sim,-0.029907027887151938
4,24,963,Rnull_relative_season_sim,4.465024761594233
4,25,964,Rnull_relative_season_sim,0.6042971509629687
4,26,965,Rnull_relative_season_sim,0.6087890852300375
4,27,966,Rnull_relative_season_sim,-0.17265322916720083
4,28,967,Rnull_relative_season_sim,2.4772752951625328
4,29,968,Rnull_relative_season_sim,-0.7047109340641828
4,30,969,Rnull_relative_season_sim,1.6040098943816186
4,31,970,Rnull_relative_season_sim,-0.8542217551507347
4,32,971,Rnull_relative_season_sim,2.123695019151888
4,33,972,Rnull_relative_season_sim,2.425306147073552
4,34,973,Rnull_relative_season_sim,1.0090508388888737
4,35,974,Rnull_relative_season_sim,-0.926770327857864
4,36,975,Rnull_relative_season_sim,4.595020454474861
4,37,976,Rnull_relative_season_sim,-0.8079316796668075
4,38,977,Rnull_relative_season_sim,-0.7921967740532411
4,39,978,Rnull_relative_season_sim,0.7484095990648134
4,40,979,Rnull_relative_season_sim,7.707923655616437
4,41,980,Rnull_relative_season_sim,3.476931225523548
4,42,981,Rnull_relative_season_sim,-0.8027997411923048
4,43,982,Rnull_relative_season_sim,1.3096520037106085
4,44,983,Rnull_relative_season_sim,3.7229109709851915
4,45,984,Rnull_relative_season_sim,-0.6191653401566661
4,46,985,Rnull_relative_season_sim,-0.9423880005252229
4,47,986,Rnull_relative_season_sim,-0.34898993035575987
4,48,987,Rnull_relative_season_sim,8.225820534108648
4,49,988,Rnull_relative_season_sim,-0.9299526827248688
4,50,989,Rnull_relative_season_sim,0.056059073483570865
4,51,990,Rnull_relative_season_sim,4.082561786249662
4,52,991,Rnull_relative_season_sim,2.120679438221062
4,53,992,Rnull_relative_season_sim,0.44580703374386843
4,54,993,Rnull_relative_season_sim,2.9284824996671195
4,55,994,Rnull_relative_season_sim,15.284256851571559
4,56,995,Rnull_relative_season_sim,-0.4926993620563901
4,57,996,Rnull_relative_season_sim,-0.7702040082069282
4,58,997,Rnull_relative_season_sim,6.526968096479647
4,59,998,Rnull_relative_season_sim,-0.9554996691810667
4,60,999,Rnull_relative_season_sim,-0.4996483681671534
4,61,1000,Rnull_relative_season_sim,3.097512574451124
4,62,1001,Rnull_relative_season_sim,-0.5163689959531197
4,63,1002,Rnull_relative_season_sim,2.0109791622210627
4,64,1003,Rnull_relative_season_sim,-0.752859127656506
4,65,1004,Rnull_relative_season_sim,-0.1757124014897672
4,66,1005,Rnull_relative_season_sim,1.9092779089816192
4,67,1006,Rnull_relative_season_sim,7.721735451889918
4,68,1007,Rnull_relative_season_sim,3.295637310314957
4,69,1008,Rnull_relative_season_sim,0.9493794546362329
4,70,1009,Rnull_relative_season_sim,1.0187490755156845
4,71,1010,Rnull_relative_season_sim,1.5543699171387972
4,72,1011,Rnull_relative_season_sim,-0.032433411728967965
4,73,1012,Rnull_relative_season_sim,1.3848738533528002
4,74,1013,Rnull_relative_season_sim,0.49147387481913096
4,75,1014,Rnull_relative_season_sim,1.4536795310242479
4,76,1015,Rnull_relative_season_sim,-0.10588429215964568
4,77,1016,Rnull_relative_season_sim,-0.6379890349458116
4,78,1017,Rnull_relative_season_sim,-0.8716767056821024
4,79,1018,Rnull_relative_season_sim,2.2580944548954234
4,80,1019,Rnull_relative_season_sim,-0.13650025662868503
4,81,1020,Rnull_relative_season_sim,-0.6289534083902003
4,82,1021,Rnull_relative_season_sim,0.7427478432664492
4,83,1022,Rnull_relative_season_sim,-0.2204387497866095
4,84,1023,Rnull_relative_season_sim,0.2589884542977976
4,85,1024,Rnull_relative_season_sim,0.8451764267153037
4,86,1025,Rnull_relative_season_sim,-0.05032193040827082
4,87,1026,Rnull_relative_season_sim,-0.8636664422812429
4,88,1027,Rnull_relative_season_sim,2.679184091698468
4,89,1028,Rnull_relative_season_sim,2.1992423311828375
4,90,1029,Rnull_relative_season_sim,-0.1796729794904638
4,91,1030,Rnull_relative_season_sim,6.811970319900633
4,92,1031,Rnull_relative_season_sim,-0.6632878354827612
4,93,1032,Rnull_relative_season_sim,0.19619800639543739
4,94,1033,Rnull_relative_season_sim,-0.06347789625532929
4,95,1034,Rnull_relative_season_sim,-0.46963542783136514
4,96,1035,Rnull_relative_season_sim,-0.19456607348900368
4,97,1036,Rnull_relative_season_sim,-0.8670201353542957
4,98,1037,Rnull_relative_season_sim,-0.6495712924528501
4,99,1038,Rnull_relative_season_sim,-0.8493520330789784
4,100,1039,Rnull_relative_season_sim,-0.7379071648565797
4,101,1040,Rnull_relative_season_sim,-0.17849539992736518
4,102,1041,Rnull_relative_season_sim,0.09446794111686829
4,103,1042,Rnull_relative_season_sim,-0.26465963216187405
4,104,1043,Rnull_relative_season_sim,-0.7198201276279286
4,105,1044,Rnull_relative_season_sim,1.0568402805444679
4,106,1045,Rnull_relative_season_sim,2.3746580226192684
4,107,1046,Rnull_relative_season_sim,0.3067869133095844
4,108,1047,Rnull_relative_season_sim,-0.4240033357907088
4,109,1048,Rnull_relative_season_sim,1.5960537662388479
4,110,1049,Rnull_relative_season_sim,1.4369822872643425
4,111,1050,Rnull_relative_season_sim,-0.25543811532899485
4,112,1051,Rnull_relative_season_sim,-0.8370228127826451
4,113,1052,Rnull_relative_season_sim,-0.5301815301587643
4,114,1053,Rnull_relative_season_sim,-0.744297174585344
4,115,1054,Rnull_relative_season_sim,1.0288857966936216
4,116,1055,Rnull_relative_season_sim,1.8278652270953435
4,117,1056,Rnull_relative_season_sim,3.4898050676012984
4,118,1057,Rnull_relative_season_sim,-0.8137983882950519
4,119,1058,Rnull_relative_season_sim,-0.5877818159323485
4,120,1059,Rnull_relative_season_sim,-0.3574099876750666
4,121,1060,Rnull_relative_season_sim,0.2584686071187916
4,122,1061,Rnull_relative_season_sim,0.8863375995190304
4,123,1062,Rnull_relative_season_sim,-0.4917858119806269
4,124,1063,Rnull_relative_season_sim,5.287167968906983
4,125,1064,Rnull_relative_season_sim,-0.5871304199738134
4,126,1065,Rnull_relative_season_sim,0.665134668230176
4,127,1066,Rnull_relative_season_sim,-0.774243901412524
4,128,1067,Rnull_relative_season_sim,-0.7659338457417127
4,129,1068,Rnull_relative_season_sim,3.521146067485442
4,130,1069,Rnull_relative_season_sim,11.355015474381224
4,131,1070,Rnull_relative_season_sim,-0.36682640242857834
4,132,1071,Rnull_relative_season_sim,-0.6054236312559464
4,133,1072,Rnull_relative_season_sim,3.164914242972233
4,134,1073,Rnull_relative_season_sim,-0.9554785735148922
4,135,1074,Rnull_relative_season_sim,2.997536226799279
4,136,1075,Rnull_relative_season_sim,-0.8755592944390812
4,137,1076,Rnull_relative_season_sim,31.74112052984482
4,138,1077,Rnull_relative_season_sim,1.4383773955176546
4,139,1078,Rnull_relative_season_sim,-0.5401408219551281
4,140,1079,Rnull_relative_season_sim,-0.6697808386846116
4,141,1080,Rnull_relative_season_sim,-0.7229391589324259
4,142,1081,Rnull_relative_season_sim,-0.6472514701336678
4,143,1082,Rnull_relative_season_sim,-0.6616769705103562
4,144,1083,Rnull_relative_season_sim,1.1332751389437012
4,145,1084,Rnull_relative_season_sim,25.59776879439458
4,146,1085,Rnull_relative_season_sim,-0.01497783974919109
4,147,1086,Rnull_relative_season_sim,-0.44144975778444595
4,148,1087,Rnull_relative_season_sim,5.475091999938816
4,149,1088,Rnull_relative_season_sim,-0.6455146524885436
4,150,1089,Rnull_relative_season_sim,-0.5298365910864922
4,151,1090,Rnull_relative_season_sim,-0.061007419748791536
4,152,1091,Rnull_relative_season_sim,-0.14883577004365922
4,153,1092,Rnull_relative_season_sim,-0.7134048637628199
4,154,1093,Rnull_relative_season_sim,-0.36017386154646414
4,155,1094,Rnull_relative_season_sim,-0.3528929679910442
4,156,1095,Rnull_relative_season_sim,-0.8792170618375685
4,157,1096,Rnull_relative_season_sim,-0.14296725533291665
4,158,1097,Rnull_relative_season_sim,0.8980567472864234
4,159,1098,Rnull_relative_season_sim,-0.4813618792720904
4,160,1099,Rnull_relative_season_sim,0.185610772444198
4,161,1100,Rnull_relative_season_sim,-0.4550002666598827
4,162,1101,Rnull_relative_season_sim,0.4755272180799044
4,163,1102,Rnull_relative_season_sim,-0.8762636051556821
4,164,1103,Rnull_relative_season_sim,0.6627130290903143
4,165,1104,Rnull_relative_season_sim,0.9561458097675026
4,166,1105,Rnull_relative_season_sim,-0.7943499762463726
4,167,1106,Rnull_relative_season_sim,-0.48095839286011155
4,168,1107,Rnull_relative_season_sim,-0.3042542117098239
4,169,1108,Rnull_relative_season_sim,1.4599592015201925
4,170,1109,Rnull_relative_season_sim,2.1395845123857526
4,171,1110,Rnull_relative_season_sim,-0.6209185796821188
4,172,1111,Rnull_relative_season_sim,1.2076731131039153
4,173,1112,Rnull_relative_season_sim,-0.19485187183431307
4,174,1113,Rnull_relative_season_sim,-0.8293571203856493
4,175,1114,Rnull_relative_season_sim,-0.33956474033617
4,176,1115,Rnull_relative_season_sim,-0.9319883820151253
4,177,1116,Rnull_relative_season_sim,0.21486873013132346
4,178,1117,Rnull_relative_season_sim,0.8057835458177689
4,179,1118,Rnull_relative_season_sim,0.6766987586872917
4,180,1119,Rnull_relative_season_sim,0.9539298923318573
4,181,1120,Rnull_relative_season_sim,-0.8892512026982446
4,182,1121,Rnull_relative_season_sim,0.5978761250091527
4,183,1122,Rnull_relative_season_sim,-0.7983134029334076
4,184,1123,Rnull_relative_season_sim,10.383191602204949
4,185,1124,Rnull_relative_season_sim,-0.9494729968453373
4,186,1125,Rnull_relative_season_sim,3.0919346544477744
4,187,1126,Rnull_relative_season_sim,-0.6865547893251909
4,188,1127,Rnull_relative_season_sim,0.562514441063291
4,189,1128,Rnull_relative_season_sim,13.059998808357458
4,190,1129,Rnull_relative_season_sim,-0.5826089043767855
4,191,1130,Rnull_relative_season_sim,2.0450759580212203
4,192,1131,Rnull_relative_season_sim,1.2761751927669072
4,193,1132,Rnull_relative_season_sim,-0.7239396359013466
4,194,1133,Rnull_relative_season_sim,-0.5341991029769839
4,195,1134,Rnull_relative_season_sim,1.0756065037946665
4,196,1135,Rnull_relative_season_sim,-0.5891559405864393
4,197,1136,Rnull_relative_season_sim,6.110885342209657
4,198,1137,Rnull_relative_season_sim,-0.6512229084408857
4,199,1138,Rnull_relative_season_sim,-0.6709961301997778
4,200,1139,Rnull_relative_season_sim,-0.24200579298335523
4,201,1140,Rnull_relative_season_sim,0.599238727252952
4,202,1141,Rnull_relative_season_sim,-0.8186918493617453
4,203,1142,Rnull_relative_season_sim,-0.5120490724673885
4,204,1143,Rnull_relative_season_sim,0.029576503920990094
4,205,1144,Rnull_relative_season_sim,2.032004383744157
4,206,1145,Rnull_relative_season_sim,1.6556911184357603
4,207,1146,Rnull_relative_season_sim,0.09871745701095147
4,208,1147,Rnull_relative_season_sim,-0.7652365470154938
4,209,1148,Rnull_relative_season_sim,9.5968175397199
4,210,1149,Rnull_relative_season_sim,-0.5400322333152112
4,211,1150,Rnull_relative_season_sim,-0.5059193475688217
4,212,1151,Rnull_relative_season_sim,-0.09504482970139794
4,213,1152,Rnull_relative_season_sim,-0.8203726974901828
4,214,1153,Rnull_relative_season_sim,0.4426910812376814
4,215,1154,Rnull_relative_season_sim,-0.9717243666213314
4,216,1155,Rnull_relative_season_sim,-0.8538066186493997
4,217,1156,Rnull_relative_season_sim,-0.7082091907604353
4,218,1157,Rnull_relative_season_sim,-0.4111790992488582
4,219,1158,Rnull_relative_season_sim,1.9762827862076113
4,220,1159,Rnull_relative_season_sim,3.3851274948802237
4,221,1160,Rnull_relative_season_sim,1.194641641174075
4,222,1161,Rnull_relative_season_sim,1.1415795309823311
4,223,1162,Rnull_relative_season_sim,1.1973700991610086
4,224,1163,Rnull_relative_season_sim,-0.2927438878820773
4,225,1164,Rnull_relative_season_sim,-0.9333975136761343
4,226,1165,Rnull_relative_season_sim,-0.7496438490474782
4,227,1166,Rnull_relative_season_sim,0.7407336631104533
4,228,1167,Rnull_relative_season_sim,-0.6454518875194912
4,229,1168,Rnull_relative_season_sim,6.341749521649105
4,230,1169,Rnull_relative_season_sim,0.21380194993357615
4,231,1170,Rnull_relative_season_sim,0.5160288189866404
4,232,1171,Rnull_relative_season_sim,0.10973400203130468
4,233,1172,Rnull_relative_season_sim,-0.6923612639825281
4,234,1173,Rnull_relative_season_sim,0.31524866118789596
4,235,1174,Rnull_relative_season_sim,1.6923732804341878
4,236,1175,Rnull_relative_season_sim,-0.386908563962171
4,237,1176,Rnull_relative_season_sim,-0.6464373170703173
4,238,1177,Rnull_relative_season_sim,0.570791035950613
4,239,1178,Rnull_relative_season_sim,-0.7725554948990836
4,240,1179,Rnull_relative_season_sim,0.4096505866721578
4,241,1180,Rnull_relative_season_sim,-0.6723065136769686
4,242,1181,Rnull_relative_season_sim,-0.2680513476845783
4,243,1182,Rnull_relative_season_sim,-0.33554816157759393
4,244,1183,Rnull_relative_season_sim,-0.9094378260335981
4,245,1184,Rnull_relative_season_sim,-0.3459178853747591
4,246,1185,Rnull_relative_season_sim,-0.6365919232520614
4,247,1186,Rnull_relative_season_sim,0.6761707764060823
4,248,1187,Rnull_relative_season_sim,-0.449554444995384
4,249,1188,Rnull_relative_season_sim,1.45602246480258
4,250,1189,Rnull_relative_season_sim,-0.034591349513798386
4,251,1190,Rnull_relative_season_sim,-0.5489060104712191
4,252,1191,Rnull_relative_season_sim,19.593555378995234
4,253,1192,Rnull_relative_season_sim,-0.1039191646876424
4,254,1193,Rnull_relative_season_sim,-0.8566528603959376
4,255,1194,Rnull_relative_season_sim,0.3634852591879214
4,256,1195,Rnull_relative_season_sim,-0.9464220765832906
4,257,1196,Rnull_relative_season_sim,6.01094901302146
4,258,1197,Rnull_relative_season_sim,1.7476514340060652
4,259,1198,Rnull_relative_season_sim,-0.12394282180481087
4,260,1199,Rnull_relative_season_sim,0.436063041460395
4,261,1200,Rnull_relative_season_sim,2.7487483390957324
4,262,1201,Rnull_relative_season_sim,1.2961547413579253
4,263,1202,Rnull_relative_season_sim,-0.6503573726112535
4,264,1203,Rnull_relative_season_sim,2.919929142123172
4,265,1204,Rnull_relative_season_sim,0.0019062732779895342
4,266,1205,Rnull_relative_season_sim,-0.9285476660407787
4,267,1206,Rnull_relative_season_sim,5.3713733933506935
4,268,1207,Rnull_relative_season_sim,1.6337671647068874
4,269,1208,Rnull_relative_season_sim,12.654220017174637
4,270,1209,Rnull_relative_season_sim,0.17580728921770739
4,271,1210,Rnull_relative_season_sim,0.5070415043319523
4,272,1211,Rnull_relative_season_sim,-0.3835424310542497
4,273,1212,Rnull_relative_season_sim,-0.05379984135079896
4,274,1213,Rnull_relative_season_sim,1.428845542828895
4,275,1214,Rnull_relative_season_sim,0.9831124826574684
4,276,1215,Rnull_relative_season_sim,8.225848326796779
4,277,1216,Rnull_relative_season_sim,1.5130008543649822
4,278,1217,Rnull_relative_season_sim,4.558319790828526
4,279,1218,Rnull_relative_season_sim,2.646303295578895
4,280,1219,Rnull_relative_season_sim,-0.26219612481980625
4,281,1220,Rnull_relative_season_sim,1.8190571801229884
4,282,1221,Rnull_relative_season_sim,-0.4629442336438101
4,283,1222,Rnull_relative_season_sim,-0.9310216085661134
4,284,1223,Rnull_relative_season_sim,1.1004107252483575
4,285,1224,Rnull_relative_season_sim,16.03735930429772
4,286,1225,Rnull_relative_season_sim,4.2576703425455795
4,287,1226,Rnull_relative_season_sim,0.4548127146227037
4,288,1227,Rnull_relative_season_sim,-0.41062273808444405
4,289,1228,Rnull_relative_season_sim,2.05261758113161
4,290,1229,Rnull_relative_season_sim,-0.07999543980926682
4,291,1230,Rnull_relative_season_sim,-0.8374979124699469
4,292,1231,Rnull_relative_season_sim,-0.9887238264949741
4,293,1232,Rnull_relative_season_sim,-0.024015663650250763
4,294,1233,Rnull_relative_season_sim,1.8182715354659837
4,295,1234,Rnull_relative_season_sim,-0.6390363019457654
4,296,1235,Rnull_relative_season_sim,1.3931544404938907
4,297,1236,Rnull_relative_season_sim,0.6509378570042841
4,298,1237,Rnull_relative_season_sim,-0.6882865046490984
4,299,1238,Rnull_relative_season_sim,2.8743163473138815
4,300,1239,Rnull_relative_season_sim,0.687582626005173
4,301,1240,Rnull_relative_season_sim,0.2555322654122276
4,302,1241,Rnull_relative_season_sim,-0.7952443270964166
4,303,1242,Rnull_relative_season_sim,6.756308173512383
4,304,1243,Rnull_relative_season_sim,-0.22680716346593
4,305,1244,Rnull_relative_season_sim,-0.09095427695793634
4,306,1245,Rnull_relative_season_sim,-0.15138282784863533
4,307,1246,Rnull_relative_season_sim,-0.4715351742896211
4,308,1247,Rnull_relative_season_sim,-0.4653629755613863
4,309,1248,Rnull_relative_season_sim,2.2155853403699215
4,310,1249,Rnull_relative_season_sim,-0.7205139532662896
4,311,1250,Rnull_relative_season_sim,6.723640311234696
4,312,1251,Rnull_relative_season_sim,0.5198773179213305
4,313,1252,Rnull_relative_season_sim,3.4055561321426158
